1402575;.jpg
1402574;photo_2023-05-02_08-17-01.jpg
1402573;photo_2023-05-02_08-17-00.jpg
1402554;photo_2023-05-02_07-55-03.jpg
1402524;photo_2023-05-02_07-39-04.jpg
1402233;photo_2023-05-02_02-13-42.jpg
1402225;photo_2023-05-02_02-12-00.jpg
1402151;photo_2023-05-02_02-03-14.jpg
1401948;photo_2023-05-02_01-44-39.jpg
1401932;photo_2023-05-02_01-42-26.jpg
1401908;photo_2023-05-02_01-39-45.jpg
1401820;photo_2023-05-02_01-29-15.jpg
1401725;photo_2023-05-02_01-23-10.jpg
1401637;photo_2023-05-02_01-14-43.jpg
1401545;photo_2023-05-02_01-07-12.jpg
1401526;photo_2023-05-02_01-05-32.jpg
1401462;photo_2023-05-02_01-02-51.jpg
1401413;photo_2023-05-02_00-58-30.jpg
1401391;photo_2023-05-02_00-55-56.jpg
1401390;photo_2023-05-02_00-55-56 (1).jpg
1401389;photo_2023-05-02_00-55-56 (2).jpg
1401388;photo_2023-05-02_00-55-55.jpg
1401387;photo_2023-05-02_00-55-55 (1).jpg
1401386;photo_2023-05-02_00-55-55 (2).jpg
1401385;photo_2023-05-02_00-55-55 (3).jpg
1401384;photo_2023-05-02_00-55-55 (4).jpg
1401383;photo_2023-05-02_00-55-55 (5).jpg
1401356;photo_2023-05-02_00-53-40.jpg
1401264;photo_2023-05-02_00-47-40.jpg
1401257;photo_2023-05-02_00-47-30.jpg
1401221;photo_2023-05-02_00-46-01.jpg
1401151;photo_2023-05-02_00-43-01.jpg
1401091;photo_2023-05-02_00-40-22.jpg
1401077;photo_2023-05-02_00-39-24.jpg
1400675;photo_2023-05-02_00-13-20.jpg
1400672;photo_2023-05-02_00-13-15.jpg
1400662;photo_2023-05-02_00-12-40.jpg
1400620;photo_2023-05-02_00-10-08.jpg
1400593;photo_2023-05-02_00-08-19.jpg
1400592;photo_2023-05-02_00-08-18.jpg
1400587;photo_2023-05-02_00-07-49.jpg
1400513;photo_2023-05-02_00-04-13.jpg
1400507;photo_2023-05-02_00-03-45.jpg
1400488;photo_2023-05-02_00-01-03.jpg
1400385;photo_2023-05-01_23-51-50.jpg
1400373;photo_2023-05-01_23-51-01.jpg
1400357;photo_2023-05-01_23-49-54.jpg
1400313;photo_2023-05-01_23-47-17.jpg
1400256;photo_2023-05-01_23-43-39.jpg
1400215;photo_2023-05-01_23-41-15.jpg
1400140;photo_2023-05-01_23-35-26.jpg
1400028;photo_2023-05-01_23-26-38.jpg
1399854;photo_2023-05-01_23-12-04.jpg
1399853;photo_2023-05-01_23-12-04 (1).jpg
1399852;photo_2023-05-01_23-12-04 (2).jpg
1399837;photo_2023-05-01_23-10-53.jpg
1399823;photo_2023-05-01_23-08-58.jpg
1399789;photo_2023-05-01_23-06-18.jpg
1399788;photo_2023-05-01_23-06-18 (1).jpg
1399718;photo_2023-05-01_23-00-42.jpg
1399717;photo_2023-05-01_23-00-42 (1).jpg
1399716;photo_2023-05-01_23-00-41.jpg
1399680;photo_2023-05-01_22-56-40.jpg
1399679;photo_2023-05-01_22-56-40 (1).jpg
1399678;photo_2023-05-01_22-56-40 (2).jpg
1399667;photo_2023-05-01_22-54-48.jpg
1399504;photo_2023-05-01_22-21-14.jpg
1399440;photo_2023-05-01_22-15-11.jpg
1399433;photo_2023-05-01_22-13-09.jpg
1399367;photo_2023-05-01_22-03-26.jpg
1399336;photo_2023-05-01_21-58-44.jpg
1399329;photo_2023-05-01_21-57-46.jpg
1399308;photo_2023-05-01_21-55-09.jpg
1398986;photo_2023-05-01_21-35-14.jpg
1398735;photo_2023-05-01_21-00-13.jpg
1398727;photo_2023-05-01_20-58-35.jpg
1403079;.jpg
1402991;photo_2023-05-02_11-25-25.jpg
1402988;photo_2023-05-02_11-22-53.jpg
1402831;photo_2023-05-02_10-24-28.jpg
1402723;photo_2023-05-02_09-50-30.jpg
1402710;photo_2023-05-02_09-45-38.jpg
1402575;photo_2023-05-02_08-17-01.jpg
1402574;photo_2023-05-02_08-17-01 (1).jpg
1402573;photo_2023-05-02_08-17-00.jpg
1402554;photo_2023-05-02_07-55-03.jpg
1402524;photo_2023-05-02_07-39-04.jpg
1402233;photo_2023-05-02_02-13-42.jpg
1402225;photo_2023-05-02_02-12-00.jpg
1402151;photo_2023-05-02_02-03-14.jpg
1401948;photo_2023-05-02_01-44-39.jpg
1401932;photo_2023-05-02_01-42-26.jpg
1401908;photo_2023-05-02_01-39-45.jpg
1401820;photo_2023-05-02_01-29-15.jpg
1401725;photo_2023-05-02_01-23-10.jpg
1401637;photo_2023-05-02_01-14-43.jpg
1401545;photo_2023-05-02_01-07-12.jpg
1401526;photo_2023-05-02_01-05-32.jpg
1401462;photo_2023-05-02_01-02-51.jpg
1401413;photo_2023-05-02_00-58-30.jpg
1401391;photo_2023-05-02_00-55-56.jpg
1401390;photo_2023-05-02_00-55-56 (1).jpg
1401389;photo_2023-05-02_00-55-56 (2).jpg
1401388;photo_2023-05-02_00-55-55.jpg
1401387;photo_2023-05-02_00-55-55 (1).jpg
1401386;photo_2023-05-02_00-55-55 (2).jpg
1401385;photo_2023-05-02_00-55-55 (3).jpg
1401384;photo_2023-05-02_00-55-55 (4).jpg
1401383;photo_2023-05-02_00-55-55 (5).jpg
1401356;photo_2023-05-02_00-53-40.jpg
1401264;photo_2023-05-02_00-47-40.jpg
1401257;photo_2023-05-02_00-47-30.jpg
1401221;photo_2023-05-02_00-46-01.jpg
1401151;photo_2023-05-02_00-43-01.jpg
1401091;photo_2023-05-02_00-40-22.jpg
1401077;photo_2023-05-02_00-39-24.jpg
1400675;photo_2023-05-02_00-13-20.jpg
1400672;photo_2023-05-02_00-13-15.jpg
1400662;photo_2023-05-02_00-12-40.jpg
1400620;photo_2023-05-02_00-10-08.jpg
1400593;photo_2023-05-02_00-08-19.jpg
1400592;photo_2023-05-02_00-08-18.jpg
1400587;photo_2023-05-02_00-07-49.jpg
1400513;photo_2023-05-02_00-04-13.jpg
1400507;photo_2023-05-02_00-03-45.jpg
1400488;photo_2023-05-02_00-01-03.jpg
1400385;photo_2023-05-01_23-51-50.jpg
1400373;photo_2023-05-01_23-51-01.jpg
1400357;photo_2023-05-01_23-49-54.jpg
1400313;photo_2023-05-01_23-47-17.jpg
1400256;photo_2023-05-01_23-43-39.jpg
1400215;photo_2023-05-01_23-41-15.jpg
1400140;photo_2023-05-01_23-35-26.jpg
1400028;photo_2023-05-01_23-26-38.jpg
1399854;photo_2023-05-01_23-12-04.jpg
1399853;photo_2023-05-01_23-12-04 (1).jpg
1399852;photo_2023-05-01_23-12-04 (2).jpg
1399837;photo_2023-05-01_23-10-53.jpg
1399823;photo_2023-05-01_23-08-58.jpg
1399789;photo_2023-05-01_23-06-18.jpg
1399788;photo_2023-05-01_23-06-18 (1).jpg
1399718;photo_2023-05-01_23-00-42.jpg
1399717;photo_2023-05-01_23-00-42 (1).jpg
1399716;photo_2023-05-01_23-00-41.jpg
1399680;photo_2023-05-01_22-56-40.jpg
1399679;photo_2023-05-01_22-56-40 (1).jpg
1399678;photo_2023-05-01_22-56-40 (2).jpg
1399667;photo_2023-05-01_22-54-48.jpg
1399504;photo_2023-05-01_22-21-14.jpg
1399440;photo_2023-05-01_22-15-11.jpg
1399433;photo_2023-05-01_22-13-09.jpg
1399367;photo_2023-05-01_22-03-26.jpg
1399336;photo_2023-05-01_21-58-44.jpg
1399329;photo_2023-05-01_21-57-46.jpg
1399308;photo_2023-05-01_21-55-09.jpg
1398986;photo_2023-05-01_21-35-14.jpg
1398735;photo_2023-05-01_21-00-13.jpg
1398727;photo_2023-05-01_20-58-35.jpg
1398654;photo_2023-05-01_20-49-23.jpg
1398406;photo_2023-05-01_20-01-45.jpg
1398365;photo_2023-05-01_19-56-55.jpg
1398265;photo_2023-05-01_19-24-40.jpg
1398262;photo_2023-05-01_19-24-39.jpg
1398159;photo_2023-05-01_19-06-52.jpg
1398158;photo_2023-05-01_19-06-52 (1).jpg
1398095;photo_2023-05-01_18-59-23.jpg
1398094;photo_2023-05-01_18-59-22.jpg
1397982;photo_2023-05-01_18-13-09.jpg
1397971;photo_2023-05-01_18-07-46.jpg
1397967;photo_2023-05-01_18-05-54.jpg
1397919;photo_2023-05-01_17-46-17.jpg
1397883;photo_2023-05-01_17-39-10.jpg
1397768;photo_2023-05-01_17-12-15.jpg
1397689;photo_2023-05-01_17-02-25.jpg
1397648;photo_2023-05-01_16-59-05.jpg
1397635;photo_2023-05-01_16-58-13.jpg
1397634;photo_2023-05-01_16-58-13 (1).jpg
1397633;photo_2023-05-01_16-58-13 (2).jpg
1397632;photo_2023-05-01_16-58-13 (3).jpg
1397631;photo_2023-05-01_16-58-12.jpg
1397630;photo_2023-05-01_16-58-12 (1).jpg
1397607;photo_2023-05-01_16-56-37.jpg
1397605;photo_2023-05-01_16-56-36.jpg
1397604;photo_2023-05-01_16-56-36 (1).jpg
1397603;photo_2023-05-01_16-56-36 (2).jpg
1397602;photo_2023-05-01_16-56-36 (3).jpg
1397601;photo_2023-05-01_16-56-36 (4).jpg
1397522;photo_2023-05-01_16-50-25.jpg
1397490;photo_2023-05-01_16-45-54.jpg
1397454;photo_2023-05-01_16-42-45.jpg
1397447;photo_2023-05-01_16-42-23.jpg
1397381;photo_2023-05-01_16-36-21.jpg
1397290;photo_2023-05-01_16-31-57.jpg
1397288;photo_2023-05-01_16-31-57 (1).jpg
