1402582;.mp4
1402519;document_2023-05-02_07-32-28.mp4
1402504;document_2023-05-02_07-15-49.mp4
1402460;document_2023-05-02_06-29-15.mp4
1402234;IMG_3578.MP4
1402215;IMG_2919.MP4
1402017;IMG_2936.MP4
1401990;IMG_1783.MP4
1401986;IMG_1593.MP4
1401928;IMG_9054.MP4
1401917;IMG_2987.MOV
1401870;IMG_2977.MOV
1401869;IMG_9160.MP4
1401743;IMG_0734.MP4
1401647;IMG_0932.MP4
1401615;IMG_0615.MOV
1401403;IMG_0690.MP4
1401401;document_2023-05-02_00-56-49.mp4
1401333;document_2023-05-02_00-51-45.mp4
1401310;IMG_0924.MOV
1401204;IMG_4568.MP4
1401143;document_2023-05-02_00-42-40.mp4
1401128;document_2023-05-02_00-42-04.mp4
1401095;document_2023-05-02_00-40-30.mp4
1400893;IMG_0022.MOV
1400807;IMG_0514.MP4
1400773;BB28EFFD-2403-4731-A6CE-78AA6668A9EA.MOV
1400198;IMG_2231.MOV
1400132;IMG_6648.MP4
1400036;IMG_4105.MP4
1400035;IMG_4106.MP4
1400034;IMG_4107.MP4
1399940;IMG_8055.MOV
1399790;IMG_3858.MOV
1399674;IMG_4585.MP4
1399628;document_2023-05-01_22-48-49.mp4
1399545;document_2023-05-01_22-36-45.mp4
1399420;document_2023-05-01_22-08-59.mp4
1399384;A9210CAD-4F54-43E7-9B9F-28F3913464B9.MP4
1399345;IMG_2906.MP4
1399278;document_2023-05-01_21-52-44.mp4
1398975;IMG_2913.MP4
1398880;Video_zonder_titel_Gemaakt_met_Clipchamp (1).mp4
1398850;IMG_1882.MP4
1398843;IMG_0091.MP4
1398579;IMG_1224.MP4
